Antibody,PDB,Epitope Chain,Paratope Chains,R/S,X/E,Resol,BSA(Å2)-H,BSA(Å2)-L,Epitope Sites-H,Epitope Sites-L,Related Structures,Variants
002-S21F2,7u0p,B,"D,I",S,E,3.76,435,249,"(1,2,10,11,21)","(1,2)",7u0l;7u0p,
10D12-ab1,7e3c,A,"B,C",R,X,4.2,721,459,"(8,9,13,16,18,19,20)","(7,8,11,12,20,21,22)",7e3c,
13G9,7e3k,A,"D,E",S,E,3.9,449,235,"(13,16,18,19,20)","(16,17,18,19)",7e3k,
16L9,7wop,A,"B,L",R,E,3.51,374,765,"(7,8,12,20,21,22)","(8,9,13,16,18,19,20)",7wop;7woq;7wor;7wos;7wou;7wov;7wow,"Omicron BA1, BA2"
2B04,7k9i,A,"H,L",R,E,3.3,585,88,"(11,12,13,17,18,19,20,21)",-18,7k9i,
2B11,7e5y,A,"B,C",R,X,3.59,231,765,"(7,12,13,18,21,22)","(7,8,9,13,16,18,19,20)",7e5y,
2H04,7k9k,A,"H,L",R,E,3.14,500,323,"(2,10,11,12,22)","(1,2,3,10)",7k9k,
2H2,7dk4,A,"H,L",S,E,3.8,608,654,"(11,12,13,17,18,19,20)","(7,8,12,13,16,18,19,20,21,22)",7dk5;7dk6;7dk7;7dk4,
32C7-Fab30,7eng,B,"H,L",S,E,3.59,522,385,"(2,10,11,12,21,22)","(2,3,12,14)",7enf;7eng,
35B5,7e9p,B,"H,L",S,E,3.69,977,26,"(1,2,3,11,12,14,15,17,19,20)",-2,7e9p;7f46;7e9n;7wly;7wlz,
3C1,7dd2,C,"A,B",S,E,5.6,420,766,"(7,8,21,22)","(4,5,6,7,10,22)",7dd2;7dcc;7dd8;7dcx,
47D11,7akd,B,"H,L",S,E,4,665,228,"(1,2,4)",(),7akd;7akj,
54042-4,7t01,A,"H,L",R,E,2.69,379,230,"(10,11,12,21)","(11,21)",7t01,
553-15,7wo5,A,"G,F",S,E,3.45,501,361,"(4,5,6,7,8)","(4,5,6)",7wo4;7wo5;7wo7,Omicron
553-49,7wog,C,"A,B",R,E,4.06,690,456,"(1,2,3,14,23)","(3,13,14,15)",7wog,Omicron
553-60,7woc,C,"A,B",R,E,3.35,595,101,"(3,11,12,15,17,18,19,20)",-17,7woa;7wob;7woc,Omicron
6D6,7ean,A,"H,L",R,X,1.91,571,467,"(3,14,15)","(3,9,13,14,23)",7ean,
6M6,7wk0,C,"A,B",R,E,3.32,1086,84,"(1,2,3,11,12,14,15,17,19,20)","(2,11,12)",7wjy;7wjz;7wk0,Omicron
7D6,7eam,A,"H,L",R,X,1.4,623,221,"(2,3,14,15)","(3,14,23)",7eam,
7F0X,7f0x,A,"B,C",R,X,2.8,388,220,"(13,16,18,19)","(16,18)",7f0x_b,
7F12,7f12,A,"B,C",R,X,3.15,400,214,"(13,16,18,19)","(16,18)",7f12_b,
7F15,7f15,A,"B,C",R,X,2.65,367,222,"(13,16,18,19)","(16,17,18)",7f15_b,
8D3,7w9e,C,"D,E",S,E,3.1,453,189,"(13,16,18,19)","(16,18)",7w9e;7w9f,Delta
910-30,7ks9,B,"H,L",S,E,4.75,698,472,"(8,9,13,16,18,19,20)","(7,8,12,20,21,22)",7ks9,
A19-46-1,7tca,B,"H,L",S,E,3.85,189,512,"(2,3,12,15,19,20)","(11,12,15,17,19,20)",7tc9;7tca;7tcc;7u0d,
A19-61-1,7tb8,A,"H,L",S,E,2.83,472,327,"(8,9,13,16,18,19,20)","(16,17,18,19)",7tb8,
A23-58-1,7lrs,C,"D,E",R,E,3.89,436,165,"(8,13,16,18,19,20)","(16,18)",7lrs;7lrt,
A34-2,7f3q,A,"H,L",R,E,3.3,537,327,"(7,8,9,13)","(5,6,7,8,9)",7f3q,
A5-10,7f3q,A,"C,B",R,E,3.3,433,297,"(2,10,11,12,22)","(10,11,21)",7f3q,
A8-1,7f7h,E,"A,B",R,X,3.19,777,597,"(8,9,12,13,16,17,18,19,20)","(7,8,20,21,22)",7f7h,
Ab-3467,7msq,A,"H,L",R,X,2.29,651,98,"(4,5,6,7,22)","(7,8)",7msq,
Ab-510A5,7ws4,A,"H,I",S,E,3.7,465,0,"(7,11,19,20,21,22)",(),7ws4,
Ab-58G6,7e3l,A,"D,E",S,E,3.6,478,222,"(9,13,16,18,19,20)","(16,17,18,19)",7e3l,
ab1,7mjk,A,"D,E",S,E,2.73,813,260,"(8,9,12,13,16,18,19,20)","(7,20,21,22)",7mjj;7mjk;7mjl,
Ab159,7x8y,A,"H,L",R,E,4.1,431,158,"(16,17,18,19)","(17,18)",7x8y,R682G
Ab188,7x8z,A,"H,L",R,E,4.1,701,225,"(8,11,13,16,17,18,19,20,21)","(16,18)",7x8z,R682G
Ab326,7x90,G,"E,F",R,E,4.2,688,292,"(3,11,12,13,15,17,19,20)","(11,17,18,19,21)",7x90,R682G
Ab354,7x8w,A,"H,L",R,E,3.1,624,152,"(11,12,13,17,18,19,20)","(17,18)",7x8w,R682G
ab4,7.00E+39,A,"B,C",R,E,3.7,261,422,"(13,16,17,18,19)","(16,17,18,19)",7.00E+39,
Ab445,7x92,A,"H,L",R,E,4.1,586,456,"(7,11,13,17,18,19,20,21,22)","(7,8,9,12,13,18,19,22)",7x92,R682G
Ab496,7x91,A,"H,L",R,E,4.3,671,313,"(11,12,13,17,18,19,20)","(16,17,18,19)",7x91,R682G
ab5,7e3b,A,"B,C",R,E,4.2,891,169,"(2,3,10,11,12,14,15,17,19,22)",-11,7e3b,
ADG-20,7u2d,A,"H,L",R,X,2.76,535,535,"(7,21,22)","(10,21,22)",7u2d,
ADI-55688,7u2e,A,"H,L",R,X,2.85,506,506,"(7,8,21,22)","(10,21,22)",7u2e,
ADI-62113,7t7b,A,"H,L",R,X,2.59,708,608,"(4,5,6,7,8,9)","(7,8)",7t7b,
Asarnow-3D11,7m7b,A,"H,L",R,E,2.95,384,457,"(4,5,6)","(4,5,6,7,8)",7m7b;7kqe,
Asarnow-5A6,7kqb,A,"H,L",S,E,2.42,697,297,"(11,13,15,17,18,19,20)","(11,17,18,19)",7kqb;7m71,
AZ090,8dad,B,"H,L",R,E,3.85,619,268,"(9,12,13,16,17,18,19,20)","(16,17,18,19)",8dad,
AZD-1061,7l7e,G,"E,F",R,X,3,412,338,"(2,10,11,12,21)","(11,12,17,19,20)",7l7e,
AZD-8895,7l7d,E,"H,L",R,X,2.5,444,223,"(13,16,18,19,20)","(16,17,18,19)",7l7d,
B1-182-1,7mlz,A,"H,L",R,E,3.71,545,266,"(8,13,16,18,19,20)","(16,17,18,19)",7mlz;7mm0,
B38,7bz5,A,"H,L",R,X,1.84,736,486,"(8,9,13,16,18,19,20)","(7,8,12,20,21,22)",7bz5,
Bamlanivimab,7kmg,C,"A,B",R,X,2.16,616,278,"(3,11,12,13,15,17,18,19,20)","(17,18,19)",7kmg;7l3n,
BD-236,7chb,R,"H,L",R,X,2.4,735,411,"(8,9,12,13,16,18,19,20)","(7,8,12,20,21,22)",7chb;7che,
BD-368-2,7chc,R,"A,B",R,X,2.71,591,135,"(2,11,12,15,17,18,19,20)",-17,7chc;7chf;7che;7chh;7e8c;7e8f,
BD-503,7ejy,R,"H,L",R,X,2.7,689,481,"(8,9,13,16,17,18,19,20)","(7,8,11,12,13,20,21,22)",7ejy;7ek0;7ejz;7f6y;7f6z,"N501Y,S477N,E484K"
BD-508,7.00E+86,C,"A,B",R,X,2.9,789,424,"(8,9,13,16,17,18,19,20)","(7,8,12,20,21,22)",7.00E+86,
BD-515,7.00E+88,C,"A,B",R,X,3.14,688,250,"(8,9,13,16,18,19)","(7,8,12,18,21,22)",7.00E+88,
BD-604,7ch4,R,"H,L",R,X,3.15,787,362,"(7,8,9,12,13,16,18,19,20)","(7,8,12,20,21,22)",7ch4;7chf;7e8c;7e8f,
BD-623,7e7y,R,"A,B",R,X,2.41,474,181,"(13,16,17,18,19)","(16,17,18)",7e7y,
BD-629,7ch5,R,"H,L",R,X,2.7,881,176,"(7,8,9,12,13,16,18,19,20)","(7,21,22)",7ch5;7chc,
BD-667,7ey4,R,"H,L",R,E,3.69,868,340,"(2,3,11,12,14,15,17,19,20)","(1,2,3,11,12)",7ey4,
BD-744,7ey0,R,"H,L",R,E,3.2,742,344,"(8,9,12,13,16,18,19,20)","(7,20,21,22)",7ey0,
BD-771,7ey5,A,"H,L",R,E,3.4,597,273,"(8,9,11,13,16,17,18,19,20,21)","(16,17,18)",7ey5,
BD-804,7eya,R,"H,L",R,E,3.77,453,641,"(2,10,11,12,21)","(2,3,11,12,15,17,19,20)",7eya,
BD-812,7ezv,A,"H,L",R,E,3.3,600,186,"(2,10,11,12,21,22)","(11,21)",7ezv,
BD-813,7ey0,R,"A,B",R,E,3.2,884,37,"(1,2,3,11,12,14,15,17,19,20)",-2,7ey0,
BD-821,7ey5,A,"B,C",R,E,3.4,444,157,"(2,10,11,21)","(11,21)",7ey5,
BD-836,7ezv,A,"M,N",R,E,3.3,559,262,"(8,13,16,18,19,20,22)","(16,17,18,19)",7ezv,
BD23,7byr,B,"H,L",S,E,3.84,735,30,"(11,12,15,17,18,19,20,21,22)",-18,7byr,
BD55-1239,7wrl,R,"A,B",R,E,3.51,563,204,"(4,5,6,7,8,22)","(7,21,22)",7wrl,"Omicron (BA.2.12.1,BA.4,BA.5)"
BD55-1403,7y0c,R,"A,B",R,X,2.94,701,550,"(1,2,4)","(1,2)",7y0c,Omicron
BD55-3152,7wr8,R,"A,B",R,E,3.5,489,444,"(2,4,5,10,22)","(1,2,3,10,11,12)",7wr8,Omicron (B1.1.529)
BD55-3546,7wry,R,"H,L",R,E,3.28,533,272,"(2,10,11,12,21,22)","(1,2,3,10)",7wry,Delta
BD55-4637,7wrj,R,"A,B",R,E,4.08,804,287,"(4,5,7,10,21,22)","(7,21,22)",7wrj,(B1.1.529)
BD55-5514,7y0w,R,"A,B",R,E,3.42,671,221,"(4,5,7,21,22)","(4,10,11,21,22)",7y0w,(BA.1)
BD55-5549,7y0v,R,"H,L",R,X,2.48,630,630,"(2,4,10,22)","(1,2,10,11,12,22)",7y0v,(BA.1)
BD55-5840,7wrz,R,"H,L",R,E,3.26,469,436,"(2,10,11,12,21,22)","(1,2,3,10,22)",7wrz;7x6a;7y0w,"Omicron (BA.2,BA.1)"
Beta-22,7prz,E,"H,L",R,X,3.2,780,134,"(7,9,12,13,16,18,19,20,21,22)","(7,8,9)",7prz,
Beta-24,7ps0,A,"B,C",R,X,2.92,462,341,"(11,20,21,22)","(11,13,18,19,20,21)",7ps0,
Beta-26,7q9j,A,"H,L",S,E,4,407,54,"(12,15,17,18,19)",-17,7q9j,
Beta-27,7ps1,E,"A,B",R,X,2.4,752,247,"(8,9,12,13,16,18,19,20)","(7,20,21,22)",7ps1,
Beta-29,7ps2,G,"A,B",R,X,2.99,755,113,"(7,9,11,12,13,16,18,19,20,21,22)","(7,8,9)",7ps2,
Beta-32,7q9k,B,"D,E",S,E,4.5,546,14,"(4,7,21,22)",-7,7ps3;7q9k,
Beta-38,7ps4,A,"B,C",R,X,1.94,522,195,"(3,11,12,15,16,17,19,20)","(11,17,18)",7ps4,
Beta-40,7ps7,R,"H,L",R,X,3.9,415,133,"(11,20,21,22)","(11,20,21)",7ps7,
Beta-44,7ps6,E,"H,L",R,X,2.26,507,60,"(10,11,20,21,22)","(11,21)",7ps6,
Beta-47,7ps5,E,"H,L",R,X,3.14,585,264,"(8,9,12,13,16,18,19,20,22)","(16,17,18,19)",7ps5,
Beta-49,7q6e,A,"H,L",S,E,2.7,718,257,-1,"(1,2)",7q6e;7q0g,
Beta-50,7q9f,A,"H,L",S,E,3.6,754,225,-1,-1,7q9f;7q0h,
Beta-53,7ps2,G,"H,L",R,X,2.99,575,467,"(1,2,4,10,22)","(2,10,11,12,21,22)",7ps2;7q9m,
Beta-54,7ps6,E,"C,D",R,X,2.26,482,177,"(16,17,18,19)","(17,18)",7ps6;7q0h,Beta & Omicron
Beta-55,7qnw,E,"A,B",R,X,2.4,620,42,"(7,10,11,21,22)","(11,21)",7qnw;7qnx,
Beta-6,7pry,E,"H,L",R,X,3.1,500,142,"(11,20,21,22)","(11,17,18,21)",7pry;7q9m,
BG1-22,7m6f,A,"H,L",S,E,3.9,436,0,"(8,9,11,13,16,18,20)","(7,21,22)",7m6f,
BG1-24,7m6i,A,"M,N",S,E,4,637,152,"(3,11,12,15,16,17,18,19,20)","(17,18)",7m6i,
BG10-19,7m6e,A,"H,L",S,E,3.3,874,131,"(1,2,4,10,11,12,22)","(10,11,21)",7m6e,
BG4-25,7m6d,C,"H,L",R,X,3.1,875,248,"(7,8,9,12,13,16,18,19,20)","(7,12,20,21,22)",7m6d,
BG7-15,7m6g,C,"H,L",S,E,3.7,498,258,"(10,11,12,19,20)","(10,11,21,22)",7m6g,
BG7-20,7m6h,A,"E,G",S,E,4,1014,166,"(8,11,12,13,15,16,17,18,19,20,21,22)","(16,18)",7m6h,
C002,7k8s,A,"H,L",S,E,3.4,740,193,"(11,12,13,15,17,18,19,20)","(17,18,19)",7k8s;7k8t;7k8u;7k8o,
C022,7rku,A,"F,G",R,X,3.2,552,704,"(2,3,13,14,15,23)","(4,5,6,8,9)",7rku [pdb],
C032,7r8m,B,"H,L",S,E,3.4,613,270,"(2,10,11,12,21,22)","(1,2,10)",7n3e;7r8m,
C051,7r8n,A,"H,L",S,E,3.55,796,131,"(8,11,12,13,17,18,19,20,21)","(17,18)",7r8n,
C098,7n3i,C,"H,L",R,X,2.03,757,388,"(8,9,12,13,16,18,19,20)","(7,8,12,20,21,22)",7n3g;7n3i,
C099,7r8l,E,"H,L",R,X,2.6,747,404,"(8,9,12,13,16,18,19,20)","(7,8,12,20,21,22)",7n3h;7r8l,
C102,7k8m,E,"A,B",R,X,3.2,807,262,"(7,8,9,12,13,16,18,19,20)","(7,12,20,21,22)",7k8m;7k8n,
C105,6xcm,C,"H,L",S,E,3.42,678,265,"(7,8,9,12,13,16,18,22)","(7,20,21,22)",6xca;6xcm;6xcn,
C110,7k8v,A,"H,L",S,E,3.8,273,358,"(3,11,12,19,20,21)","(2,10,11,21,22)",7k8p;7k8v,
C118,7rkv,A,"E,F",S,E,3.45,726,308,"(4,5,6,8,9)","(5,7,8,22)",7rkv,
C119,7k8w,A,"H,L",S,E,3.6,508,293,"(7,11,20,21,22)","(11,12,17,19,20)",7k8w,
C121,7k8x,A,"E,G",S,E,3.9,680,59,"(11,12,13,17,18,19,20,21)",-18,7k8x;7k8y;7k8q,
C135,7k8z,A,"H,L",S,E,3.5,310,188,"(2,10,11,21)","(2,10,12)",7k8r;7k8z,
C144,7k90,A,"M,N",S,E,3.24,715,92,"(8,11,12,13,15,17,18,19,20,21)",-18,7k90,
C1A-B12,7kfw,A,"H,L",R,X,2.79,781,372,"(7,8,9,12,13,16,18,19,20)","(7,8,12,20,21,22)",7kfw,
C1A-B3,7kfv,A,"H,L",R,X,2.1,845,387,"(7,8,9,11,12,13,16,17,18,19,20)","(7,8,11,12,20,21,22)",7kfv,
C1A-C2,7kfx,A,"H,L",R,X,2.23,827,356,"(7,8,9,12,13,16,17,18,19,20)","(7,8,12,20,21,22)",7kfx,
C1A-F10,7kfy,A,"H,L",R,X,2.16,792,362,"(7,8,9,12,13,16,17,18,19,20)","(7,8,12,20,21,22)",7kfy,
C1C-A3,7sn3,A,"D,E",S,E,3.1,549,320,"(4,5,6)","(4,5,10,22)",7sn1;7sn2;7sn3,
C548,7r8o,A,"P,O",S,E,3.5,547,432,"(11,12,15,17,19,20,21)","(11,12,13,17,18,19,20,21)",7r8o,
CA521,7.00E+23,A,"B,C",R,E,3.3,698,43,"(11,12,13,16,17,18,19,20)",-17,7.00E+23,
CB6,7c01,A,"H,L",R,X,2.88,732,355,"(7,8,9,12,13,16,18,19,20)","(7,12,20,21,22)",7c01,
CC12-1,6xc3,C,"A,B",R,X,2.7,587,753,"(7,8,12,20,21,22)","(8,9,12,13,16,18,19,20)",6xc2;6xc3,
CC12-3,6xc4,A,"H,L",R,X,2.34,721,164,"(8,9,12,13,16,18,19,20)","(7,20,21,22)",6xc4;6xc7,
CoV11,7urq,A,"H,L",R,X,2.05,807,588,"(8,9,12,13,16,18,19,20)","(7,11,12,20,21,22)",7urq;7urs,Delta
COV2-2130,8d8q,A,"H,L",R,E,4.2,454,278,"(2,10,11,12,21)","(11,12,15,17,19,20)",8d8q;8d8r,
COV2-2196,8d8r,A,"H,L",R,E,4.1,459,226,"(8,12,13,16,18,19,20)","(16,17,18)",8d8q;8d8r,
COVA1-16,7lq7,A,"P,Q",R,X,3.4,660,584,"(4,5,6,7,8,9,13)","(7,8,22)",7lq7,
COVA2-04,7jmo,A,"H,L",R,X,2.36,843,355,"(8,9,11,12,13,16,18,19,20)","(7,12,20,21,22)",7jmo,
COVA2-39,7jmp,A,"H,L",R,X,1.71,562,130,"(11,13,16,17,18,19,20,21)","(16,18)",7jmp,
COVOX-150,7bei,E,"H,L",R,X,2.3,756,503,"(8,9,12,13,16,18,19,20)","(7,8,11,12,20,21,22)",7bei;7nd5,
COVOX-158,7bej,E,"H,L",R,X,2.42,676,460,"(8,9,12,13,16,18,19)","(7,8,12,20,21,22)",7bej;7bek,
COVOX-222,7nx8,E,"A,B",R,X,1.95,699,393,"(8,9,12,13,16,18,19,20)","(7,12,20,21,22)",7nx6;7nx7;7nx8;7nx9;7nxa;7nxb;7or9,
COVOX-253,7ben,E,"H,L",R,X,2.5,527,177,"(8,9,12,13,16,18,19,20)","(16,18,19)",7ben;7ora,
COVOX-269,7bem,E,"H,L",R,X,2.52,819,477,"(8,9,12,13,16,18,19,20)","(7,8,12,20,21,22)",7bem;7neg;7neh,
COVOX-278,7or9,E,"H,L",R,X,2.34,414,478,"(2,3,11,12,15,17,19,20)","(2,10,11,12,21)",7or9,
COVOX-316,7beh,E,"H,L",R,X,2.3,618,166,"(11,12,13,17,18,19,20)","(17,18)",7beh;7nd7,
COVOX-384,7bep,E,"A,B",R,X,2.61,478,174,"(11,12,13,15,17,18,19,20)","(17,18)",7bep;7nd8,
COVOX-40,7nd6,B,"H,L",S,E,7.3,669,507,"(8,9,12,13,16,18,19,20)","(7,8,11,12,20,21,22)",7nd6,
COVOX-45,7bel,R,"H,L",R,X,2.53,396,405,"(13,17,18,19,20)","(7,8,9,12,13,21,22)",7bel;7ora;7orb,
COVOX-58,7qny,E,"A,B",R,X,2.84,983,70,"(1,2,3,11,12,14,15,17,19,20)","(2,11,12)",7qny,
COVOX-75,7ben,E,"A,B",R,X,2.5,462,324,"(11,12,17,19,20)","(10,11,12)",7beo;7ben;7orb,
COVOX-88,7bel,R,"A,B",R,X,2.53,756,384,"(3,9,14,23)","(3,14,15)",7bel;7nd4,
CR3014-C8,7kzb,C,"H,L",R,X,2.83,260,496,"(5,6,9)","(4,5,6,7)",7kzb,
CR3022,6w41,C,"H,L",R,X,3.08,593,436,"(4,5,6)","(6,9,23)",6w41;6w7y;6yla;6ym0;6xc3;6xc7;6zh9;6zlr;7a5r;7a5s;7jn5;7lop;7m6d;7r8l,
CR3022-B6,7kzb,C,"A,B",R,X,2.83,213,454,"(17,18,19)","(7,8,9,13,16,18,19,20)",7kza;7kzb,
CV05-163,7lop,A,"H,L",R,X,2.25,464,472,"(11,12,15,17,19,20)","(11,13,17,18,19,20,21)",7lop,
CV07-250,6xkq,A,"H,L",R,X,2.55,394,539,"(13,16,18,19)","(7,11,12,13,17,18,19,20,21,22)",6xkq,
CV07-270,6xkp,A,"H,L",R,X,2.72,719,107,"(2,3,10,11,12,15,17,19,20)","(11,17)",6xkp,
CV2-1169,7qez,A,"H,L",R,X,2.89,575,161,"(8,13,16,18,19,20)","(16,18,19)",7qez,
CV2-2325,7qf0,A,"H,L",R,X,2.3,822,579,"(8,9,12,13,16,17,18,19,20)","(7,8,12,20,21,22)",7qf0,
CV2-6264,7qf1,A,"B,C",R,X,2.8,331,563,"(16,17,18,19)","(13,16,17,18,19,20)",7qf1,
CV2-75,7m3i,C,"A,B",R,X,2.8,535,382,"(4,5,6,7,10,22)","(4,5,6)",7m3i,
CV30,6xe1,E,"H,L",R,X,2.75,790,247,"(8,9,12,13,16,18,19,20)","(7,12,20,21,22)",6xe1,
CV38-142,7lm8,A,"M,N",R,X,1.94,588,164,"(2,4,10,11,12,22)","(10,11)",7lm8;7lm9,
CV503,7lq7,A,"H,L",R,X,3.4,524,316,"(8,13,16,17,18,19,20)","(16,17,18,19)",7lq7,
D27,7vyr,R,"H,L",R,X,2.2,501,572,"(7,10,12,20,21,22)","(4,5,7,21,22)",7vyr,
D29,8dw9,A,"H,L",R,X,4,511,228,"(1,2,10,11,22)",-10,8dw9,
DH1041,7laa,A,"H,L",S,E,3.42,632,89,"(11,12,15,17,18,19,20)",-17,7laa,
DH1042,7the,A,"B,C",R,E,3.79,804,185,"(3,11,12,13,15,17,18,19,20)","(17,18)",7the;7tht,
DH1043,7ljr,A,"S,T",S,E,3.66,758,340,"(3,11,12,13,15,17,18,19,20)","(16,17,18,19)",7ljr,
DH1047,7ld1,B,"H,L",S,E,3.4,560,247,"(4,5,6,7,21,22)","(7,8,21,22)",7ld1;7sg4,
EY6A,6zcz,E,"H,L",R,X,2.65,582,491,"(4,5,6,23)","(5,6,8,9)",6zcz;6zdg;6zdh;6zer;6zfo;7nx6;7nx7;7nx8;7nx9;7nxa;7nxb,
Fab-15033,7klg,A,"H,L",R,X,3.2,416,657,"(12,13,17,18,19,20)","(7,8,9,13,16,18,19,22)",7klg,
Fab-15033-7,7klh,A,"H,L",R,X,3,416,620,"(12,13,17,18,19,20)","(7,8,9,13,16,18,19,22)",7kxj;7kxk;7kml;7klg;7kmk;7klh,
Fab-298,7k9z,E,"A,B",R,X,2.95,278,405,"(16,18)","(13,16,17,18,19,20)",7k9z,
Fab-52,7k9z,E,"H,L",R,X,2.95,634,275,"(2,3,11,12,15,17,19,20)","(3,14,15)",7k9z,
Fab06,7wph,A,"E,D",R,X,2.89,638,638,"(2,10,11,12)","(2,10,11,21,22)",7wph,
Fab1-57,7ls9,A,"H,L",S,E,3.42,564,240,"(2,3,11,12,15,17,19,20)","(11,17,20,21)",7ls9,
Fab14,7xxl,B,"A,C",R,E,7.3,272,48,"(17,18)",-18,7wpv;7xxl,
Fab2-15,7l5b,A,"H,L",R,X,3.18,703,196,"(11,12,13,17,18,19,20,21)","(16,17,18)",7l5b;7l57,
Fab2-36,7n5h,A,"H,L",S,E,3.24,753,137,"(4,5,6,8,9,13)","(7,8)",7n5h,
Fab2-4,6xey,A,"H,L",S,E,3.25,710,141,"(11,12,13,17,18,19,20,21)","(17,18)",6xey,
Fab2-43,7l56,A,"H,L",S,E,3.6,661,154,"(11,12,13,17,18,19,20)","(17,18)",7l56,
Fab2-7,7lss,B,"H,L",S,E,3.72,462,346,"(2,10,11,12,21)","(10,11,21,22)",7lss,
FD-11A,7pqz,E,"A,B",R,X,3.2,553,135,"(2,10,11,12,22)","(10,11,21)",7pqz,
FD-5D,7pr0,A,"C,B",R,X,2.92,724,228,"(2,3,11,12)","(2,10,11)",7pr0,
FD20,7cyv,B,"H,L",R,X,3.13,548,548,"(3,14)","(9,13,14,23)",7cyv,
FI-3A,7q0g,E,"H,L",R,X,1.82,736,171,"(8,9,13,16,18,19,20)","(7,21,22)",7q0g;7pqy;7pqz;7q0a,
G32R7,7n64,B,"H,L",S,E,4.2,1112,20,"(1,2,3,10,11,12,14,15,17,19,20,22)",-2,7n64,
GH-12,7d6i,A,"B,C",R,X,3.41,356,404,"(4,5,6)","(4,5,6,7,8)",7d6i,
Goike-N3-1,7six,A,"H,L",R,E,3.16,705,147,"(4,5,6,7,8,9)","(7,8,22)",7six,binds both up and down RBD
GW01,7epx,A,"H,L",S,E,3,610,212,"(4,5,7,21,22)","(4,5,6)",7epx,
H014,7cai,A,"D,E",S,E,3.49,314,706,"(4,5,10,22)","(4,5,6,7,8,9,22)",7cai;7cak;7cwn;7cac;7e5r;7e5s,
H4,7l58,B,"H,L",S,E,5,239,25,"(11,17,18,19,20)",-18,7l58,
Hauser-Ab17,7te1,D,"H,L",R,X,3.5,649,514,"(5,6,7,8,9,22)","(4,5,6,22)",7te1,
HB27,7cyp,A,"D,E",S,E,3.5,223,468,"(11,21)","(10,11,21,22)",7cyp;7cyh;7cwt,
HbnC3-C6,7b0b,F,"H,L",R,X,2.98,451,177,"(13,16,18,19,20)","(16,18,19)",7b0b,
HSW-1,7uza,A,"H,L",S,E,3.1,559,453,"(3,9,13,14,23)","(9,13,14,23)",7uza,F817P
HSW-2,7uzd,A,"H,L",R,X,3,426,556,-23,"(6,23)",7uzb;7uzd,
Hu-Clone2,7mw5,A,"D,E",S,E,3.42,288,509,"(15,17,18)","(11,13,16,18,19,20,21)",7mw5;7mw6,
Hu-Clone6,7mw2,A,"D,E",S,E,2.97,402,475,"(13,17,18,19,20)","(8,11,13,16,18,19,20,21)",7mw2;7mw3;7mw4,
hu33,7wb5,R,"H,L",R,E,3.7,598,337,"(2,10,11,12,21)","(1,2,10,22)",7wb5;7wbh,
ION-300,7bnv,A,"H,L",R,X,2.35,653,23,"(3,9,13,14,15,23)","(13,14)",7bnv,
ION-360,7np1,A,"H,L",R,X,2.8,727,154,"(8,9,12,13,16,18,19,20)","(7,8,21,22)",7np1,
J08,7s6j,A,"H,L",S,E,3.4,557,189,"(8,11,13,16,17,18,19,20)","(16,18)",7s6j;7s6k;7s6l;7sbu,
JMB2002,7wrv,C,"U,V",S,E,2.47,660,396,"(2,3,11,12,15,19,20)","(2,10,11,22)",7wpd;7wpe;7wpf;7wrv,
JS026,7f7e,E,"C,L",R,X,2.49,447,306,"(2,10,11,12,22)","(10,11,21)",7f7e,
K288-2,7tp3,Z,"H,L",R,X,2.33,567,265,"(4,5,7,10,21,22)","(10,11,21,22)",7tp3,
K398-22,7tp4,Z,"H,L",R,X,1.95,629,204,"(4,5,7,10,21,22)","(10,11,21,22)",7tp4,
Li-D2,7xmz,A,"D,E",S,E,3.25,851,37,"(1,2,3,11,12,14,15,17,19,20)","(2,11)",7xmz;7xst,R682G
Liu-10-28,7si2,A,"H,L",R,X,3.2,533,460,"(4,5,6,23)","(5,6,8,9)",7si2,
Liu-10-40,7sd5,A,"H,L",R,X,1.52,658,480,"(4,5,6,8,9,13)","(5,7,8,22)",7sd5;7ttm;7ttx;7tty,
LY-CoV1404,7mmo,C,"A,B",R,X,2.43,507,365,"(2,10,11,12,21,22)","(10,11,21,22)",7mmo,
LY-CoV481,7kmi,C,"A,B",R,X,1.73,665,461,"(8,9,13,16,18,19,20)","(7,8,12,20,21,22)",7kmi,
LY-CoV488,7kmh,C,"A,B",R,X,1.72,658,245,"(8,9,13,16,18,19)","(7,8,12,20,21,22)",7kmh,
M31A7,7wue,A,"C,D",R,X,3.2,634,330,"(13,16,18,19)","(16,17,18)",7wue;7wuh,
M8a-28,7uz6,A,"H,L",S,E,2.8,593,347,"(2,10,11,12,21,22)","(1,2,3,10,22)",7uz6,F817P
M8a-3,7uz4,A,"H,L",S,E,3.1,525,329,"(4,5,6)","(5,7,8,22)",7uz4,F817P
M8a-31,7uz7,A,"H,L",S,E,2.9,598,452,"(5,6,8,9,23)","(4,5,7,8)",7uz7;7uz8,F817P
M8a-34,7uzc,A,"H,L",R,X,2.2,615,558,"(4,5,6,7,8,9)","(4,6)",7uz9;7uzc,F817P
M8a-6,7uz5,A,"H,L",S,E,3.2,601,338,"(4,5,6)","(5,7,8,21,22)",7uz5,F817P
Mb-02,8dzh,A,"E,D",S,E,3.2,364,46,"(2,10,11,20,21)",-11,8dzh;8dzi,Omicron (BA.1.1.529)
Minenkova-76,7zcf,C,"H,L",R,E,4,760,326,"(8,9,12,13,16,18,19,20)","(7,8,20,21,22)",7zce;7zcf,F817P
MW01,7djz,C,"A,B",R,X,2.4,781,247,"(3,7,8,11,12,13,15,17,19,20)","(17,18,19)",7djz,
MW05,7dk0,C,"A,B",R,X,3.2,787,218,"(3,11,12,13,15,17,18,19,20)","(11,17,18,21)",7dk0,
MW06,7dpm,C,"A,B",R,X,3.3,580,264,"(4,5,6,7,10,22)","(4,5,10,21,22)",7dpm,
MW07,7dk2,C,"A,B",R,X,3,652,702,"(11,12,13,17,18,19,20,21,22)","(7,8,9,12,13,16,18,19)",7dk2,
N-612-017,7s0c,A,"H,L",S,E,3.25,713,283,"(2,3,11,12,15,17,19,20)","(2,10,11,12)",7s0c,
N-612-056,7s0b,F,"A,B",R,X,2.9,579,423,"(3,13,14,15)","(2,3,14,15)",7s0b,
NA8,7u9p,A,"H,L",R,E,3.5,652,362,"(2,3,11,12,15,17,19,20)","(2,10,11)",7u9p,R682G
nCoV-61,7xmx,A,"H,I",S,E,3.62,856,236,"(8,9,13,15,16,18,19,20)","(7,21,22)",7xmx;7xst,R682G
nCov-617,7e3o,R,"H,L",R,X,2.51,662,493,"(11,12,13,15,17,18,19,20)","(2,3,11,12,15,19,20)",7e3o,
NE12,7u9o,A,"H,L",R,E,3.4,477,409,"(11,12,15,17,19,20)","(11,17,18,19,20,21)",7u9o,R682G
NT-193,7e5o,A,"H,L",R,X,2.8,523,617,"(7,8,9,13,21,22)","(8,11,12,13,17,18,19,20,21,22)",7e5o,
Omi-12,7zf5,A,"G,I",R,X,5.3,611,293,"(9,13,16,18,19,20)","(16,17,18,19)",7zf5,Omicron
Omi-18,7zfb,E,"H,L",R,X,3.08,702,426,"(8,9,12,13,16,18,19,20)","(7,8,12,13,20,21,22)",7zfb,Omicron
Omi-2,7zr9,A,"H,L",S,E,4,752,81,"(12,13,15,16,17,18,19)",-17,7zr9,Omicron
Omi-25,7zfd,E,"H,L",R,X,3.39,420,653,"(12,13,17,18,19,20)","(7,8,9,13,16,18,19,22)",7zfd,Omicron
Omi-3,7zf3,E,"A,B",R,X,3.15,861,601,"(8,9,12,13,16,18,19,20)","(7,8,12,20,21,22)",7zf3,Omicron
Omi-31,7zfb,E,"A,B",R,X,3.08,837,217,"(2,3,11,12,15,17,19,20)","(2,11,12)",7zfb,Omicron
Omi-32,7zfe,A,"J,K",R,X,3.25,530,538,"(2,3,11,12,15,19,20)","(11,17,18,19,20,21)",7zfe,Omicron
Omi-38,7zr8,A,"H,L",S,E,3.7,577,403,"(2,10,11,14,15,17,18,19)","(2,10,11,22)",7zr8;7zrc,Omicron
Omi-42,7zr7,A,"D,E",S,E,3.7,411,263,"(8,12,13,15,16,18)","(7,8,12,21)",7zr7,Omicron
Omi-6,7zfa,A,"H,L",R,X,4.2,692,205,"(2,3,11,12,15,17,19,20,21)","(2,11)",7zfa,Omicron
Omi-9,7zf4,E,"H,L",R,X,4.18,514,449,"(13,15,17,18,19,20)","(16,18)",7zf4,
P17,7cwm,A,"H,L",S,E,3.6,663,243,"(3,12,13,15,17,18,19,20)","(11,17,18,19)",7cwm;7cwn;7cwo;7cwl,
P1D9,8dwa,A,"H,L",R,X,3.2,596,545,"(2,3,11,12,15,17,19,20)","(1,2,10,11,12,22)",8dwa,
P22A-1D1,7chs,E,"H,L",R,X,2.4,749,400,"(8,9,12,13,16,18,19,20)","(7,8,12,20,21,22)",7chs,
P2B-1A1,7czp,A,"H,L",S,E,3,325,800,"(7,8,9,22)","(7,8,9,11,12,13,16,18,19,20,21,22)",7czp,
P2B-1A10,7czq,A,"H,K",S,E,2.8,827,526,"(8,9,11,13,16,18,19,20)","(7,8,20,21,22)",7czq,
P2B-1G5,8gx9,A,"P,M",R,X,4.01,377,565,"(2,3,11,12)","(1,2,3,14,15)",8gx9,
P2B-2F6,7bwj,E,"H,L",R,X,2.85,509,144,"(2,3,11,12,15,17,19,20)","(17,18)",7bwj,
P2B4,8dxs,A,"H,L",S,E,3.76,383,305,"(11,12,17,18,19,20)","(8,13,16,18,19,22)",8dxs,
P2C-1A3,7cdj,E,"H,L",R,X,3.4,627,315,"(11,12,13,17,18,19,20,21)","(16,17,18)",7cdj,
P2C-1F11,7e8m,E,"H,L",R,X,2.09,708,304,"(8,9,12,13,16,18,19,20)","(7,12,20,21,22)",7cdi;7e8m,
P2G3,7qti,A,"F,E",S,E,3.04,384,198,"(12,15,16,17,18,19)","(16,17,18)",7qti;7qtj;7qtk,Omicron (BA.1.1.529)
P4A1,7cjf,C,"A,B",R,X,2.11,795,398,"(8,9,12,13,16,18,19,20)","(7,8,11,12,20,21,22)",7cjf,
P4A2,7wvl,F,"H,L",R,X,3,723,506,"(17,18)","(13,16,18,19,20,22)",7wvl,
P5A-1B6,7czu,A,"H,K",S,E,3.4,540,420,"(7,11,12,13,18,19,20,21,22)","(7,8,9,13,16,18,19,22)",7czu;7czv,
P5A-1B8,7czr,A,"H,K",S,E,3.5,651,354,"(8,9,13,16,18,19,20)","(7,8,11,12,20,21,22)",7czr;7czs;7d00,
P5A-1B9,7czx,A,"H,K",S,E,2.8,733,166,"(11,12,13,17,18,19,20,21)","(17,18)",7czx,
P5A-1D2,7cho,A,"B,C",R,X,2.56,840,175,"(7,8,9,12,13,16,18,19,20,22)","(7,21,22)",7cho,
P5A-2F11,7czy,A,"H,K",S,E,3.3,553,170,"(9,12,13,16,17,18,19,20)","(16,18)",7czy;7czz,
P5A-2G7,7czw,A,"H,L",S,E,2.8,695,75,"(7,8,11,12,13,17,18,19,20,22)",-18,7czw;7d03,
P5A-2G9,7czt,A,"H,L",S,E,2.7,456,778,"(7,11,18,20,21,22)","(7,8,9,13,16,18,19,20,22)",7czt,
P5A-3A1,7d0c,A,"H,L",S,E,3.4,684,179,"(8,9,13,16,18,19)","(18,20,21,22)",7d0c,
P5A-3C12,7d0b,A,"H,L",S,E,3.9,384,118,"(13,17,18,19,20)","(8,13,16,18)",7d0b;7d0d,
P5A-3C8,7chp,E,"H,L",R,X,2.36,729,548,"(7,8,9,12,13,16,18,19,20)","(7,8,11,20,21,22)",7chp,
P5C3,7p40,A,"F,B",S,E,3.5,375,142,"(13,16,17,18,19,20)","(16,17,18)",7p40,
PD36-5D2,7fae,A,"H,L",S,E,3.65,410,388,"(2,3,11,12,17,19,20)","(2,10,11)",7fae;7faf,
PDI-210,7mzl,A,"H,L",R,X,3.7,894,257,"(7,9,11,12,13,16,17,18,19,20,21,22)","(16,18,19)",7mzl,
PDI-215,7mzm,A,"H,L",R,X,2.3,1046,0,"(1,2,3,11,12,14,15,17,19,20)",(),7mzm,
PDI-222,7rr0,A,"B,C",R,E,3.12,631,241,"(8,9,12,13,16,18,19,20)","(16,17,18,19)",7rr0,
PDI-231,7mzn,A,"H,L",R,X,3.1,845,333,"(8,9,12,13,16,17,18,19,20)","(7,8,12,20,21,22)",7mzn,
PDI-37,7mzf,A,"H,L",R,X,2.49,779,397,"(8,9,12,13,16,18,19,20)","(7,8,12,20,21,22)",7mzf,
PDI-42,7mzg,A,"H,L",R,X,2,751,389,"(8,9,13,16,17,18,19,20)","(7,8,20,21,22)",7mzg,
PDI-93,7mzj,A,"H,L",R,X,2.4,597,461,"(2,3,11,12,15,17,19,20)","(2,10,11,12,21)",7mzj,
PDI-96,7mzk,A,"E,F",R,X,2.25,648,339,"(7,8,9,12,13,16,18,19,22)","(12,13,16,18,19,20)",7mzk,
PR1077,7deo,B,"H,L",R,X,2.5,885,196,"(7,8,11,12,13,17,18,19,20,21,22)","(11,12,17,18,19)",7deo,
PR953,7deu,A,"H,L",R,X,2.1,359,210,"(13,16,18,19)","(16,17,18)",7deu,
PR961,7det,A,"H,L",R,X,2.2,546,276,"(2,10,11,12,21)","(2,3,11,12)",7det,
R1-32,7ydi,E,"H,L",R,E,3.98,869,389,"(2,3,11,12,13,14,15,17,19,20)","(2,3,14)",7ydi;7ydy;7ye5;7ye9;7yeg,
R40-1G8,7sc1,A,"H,L",S,E,3.2,766,365,"(8,9,12,13,16,18,19,20)","(7,8,12,20,21,22)",7sc1,
RBD-chAb-15,7eh5,A,"D,O",S,E,4,486,130,"(4,5,6,7,22)","(21,22)",7eh5,
RBD-chAb-25,7ej4,A,"H,L",S,E,3.6,342,508,"(7,21,22)","(7,11,12,13,19,20,21,22)",7ej4;7f62,
RBD-chAb-45,7ej5,A,"H,L",S,E,3.5,394,216,"(13,16,18,19)","(16,18,19)",7ej5;7f63,
Regdanvimab,7cm4,A,"H,L",R,X,2.71,855,115,"(2,7,8,11,12,13,17,18,19,20,22)","(17,18)",7cm4,
REGN10933,6xdg,E,"B,D",R,E,3.9,754,173,"(7,8,9,12,13,16,17,18,19,20,21)","(16,18)",6xdg,
REGN10985,7m42,E,"C,D",R,E,3.3,219,650,"(7,21,22)","(4,5,6,7,8,22)",7m42,
REGN10987,6xdg,E,"A,C",R,E,3.9,106,482,"(11,21)","(2,10,11,12,21)",6xdg,
REGN10989,7m42,E,"A,B",R,E,3.3,132,645,"(17,18)","(11,12,13,17,18,19,20)",7m42,
S-B8,7kn3,A,"H,L",R,X,2.25,738,533,"(7,11,12,13,16,17,18,19,20,21,22)","(16,18)",7kn3,
S-E6,7kn4,A,"H,L",R,X,2.7,399,530,"(13,16,18,19)","(7,11,12,13,17,18,19,20,21,22)",7kn4,
S2-E12,7k4n,A,"H,L",S,E,3.3,0,106,"(13,16,18,20)","(16,17,18)",7k4n;7k45;7k3q;7r6x,
S2-M11,7k43,A,"H,L",S,E,2.6,603,58,"(11,12,13,17,18,19,20,21)",-18,7k43;7ly2;7n8h;7n8i,
S2A4,7jva,A,"H,L",S,E,3.6,422,483,"(4,5,6)","(4,5,6,7,8)",7jva;7jvc;7jxd,
S2D106,7r7n,E,"H,L",S,E,3.95,603,219,"(3,11,12,13,15,17,18,19,20)","(17,18,19)",7r7n,
S2H13,7jv2,A,"H,L",S,E,3.5,303,401,"(16,17,18)","(11,17,18,19,20,21)",7jv2;7jv4;7jv6,
S2H14,7jx3,R,"C,D",R,X,2.65,529,404,"(7,11,12,20,21,22)","(7,11,12,13,16,18,19,20,22)",7jx3,
S2H97,7m7w,R,"E,F",R,X,2.65,579,311,"(3,9,13,14,23)","(3,14,23)",7m7w,
S2K146,7tas,E,"H,L",R,E,3.2,739,253,"(11,12,13,17,18,19,20,21,22)","(8,9,13,16,18)",7tas;7tat,
S2X259,7m7w,R,"H,L",R,X,2.65,701,303,"(4,5,6,7)","(7,21,22)",7m7w;7ra8;7ral,
S2X324,8erq,A,"H,L",R,E,3.3,447,394,"(2,10,11,12,21,22)","(10,11,21,22)",8erq;8err,Omicron BA.1
S2X35,7r6w,R,"H,L",R,X,1.81,752,291,"(4,5,6,7,22)","(7,21,22)",7jxe;7r6w,
S304,7jx3,R,"H,L",R,X,2.65,514,451,"(4,5,6,23)","(5,6,8,9)",7jx3,
S309,7jx3,R,"A,B",R,X,2.65,668,166,"(1,2,3,10,22)","(2,10,22)",6wps;6wpt;6ws6;7jx3;7l0n;7bep;7r6w;7r6x;7sob;7tly;7tlz;7tm0;7tn0;7x1m;8dt3;7xck;7yad;7xco [pdb];7yqx;7yqy;7yqz;7yr0;8dw2;8dw3,
S5D2,7wcr,A,"H,L",R,E,3.5,299,311,"(13,16,18,19)","(16,17,18)",7wcr;7wcz;7wd0;7wd7,
SARS2-38,7mkl,A,"H,L",S,E,3.2,143,313,"(11,21)","(2,10,11,21)",7mkl;7mkm,
scFv-E4,7vmu,B,"H,L",R,X,2.89,866,397,"(8,9,12,13,16,18,19,20)","(7,8,20,21,22)",7vmu,
SP1-77,7upw,A,"D,E",S,E,2.7,548,132,"(1,2,10,11,12,22)","(10,11)",7upw;7upx;7upy,
STE90-C11,7b3o,E,"H,L",R,X,2,699,449,"(8,9,13,16,18,19,20)","(7,8,12,20,21,22)",7b3o,
STS165,7xic,A,"H,I",S,E,3.3,852,246,"(4,5,6,7,8,22)","(7,21,22)",7xic,Omicron
SW186,8dt3,C,"H,L",S,E,3.3,546,247,"(2,4,10,11,12,22)","(4,10,11)",8dt3,
T6,7fjs,E,"H,L",R,X,2.9,413,292,"(13,16,18,19)","(16,17,18)",7fjo;7fjo;7fjs,
TAU-2212,7wcd,C,"A,B",S,E,3.3,645,146,"(11,12,13,16,17,18,19,20)","(16,17,18)",7wc0;7wcd,
TAU-2303,7wbz,A,"H,L",R,X,2.42,736,585,"(8,9,12,13,16,18,19,20)","(7,8,12,13,20,21,22)",7wbz,
THSC20-HVTR04,7z0y,R,"H,L",R,X,2.95,912,912,"(10,11,12,21)","(10,11,21,22)",7z0y,
THSC20-HVTR26,7z0x,R,"H,L",R,X,1.8,471,502,"(13,16,17,18,19)","(16,17,18)",7z0x,
UT28K,7x7o,A,"G,I",R,X,3.75,547,171,"(8,13,16,17,18,19,20)","(16,18,19)",7x7o,
VacW-209,7wp2,F,"H,L",R,E,3.52,602,339,"(4,5,6,7,8,9)","(7,8,9,22)",7won;7wp0;7wp1;7wp2;7wp5,
WCSL-119,7mzh,A,"B,C",R,X,2.1,307,459,"(17,18,19)","(11,13,16,18,19,20,21)",7mzh,
WCSL-129,7mzi,A,"H,L",R,X,1.85,326,673,"(13,16,18,19,20)","(7,8,9,12,13,16,18,19,20,22)",7mzi;7mzj;7mzk,
Windsor-C98C7,7swo,A,"H,L",R,E,4.1,797,505,"(7,8,9,12,13,16,18,19,20)","(7,8,11,12,20,21,22)",7swo,
Windsor-G32A4,7swn,A,"H,L",R,E,4.3,459,196,"(8,12,13,16,18,19,20)","(16,18,19)",7swn,
Windsor-G32Q4,7swp,A,"H,L",R,E,3.8,689,373,"(4,5,6,7,8,9)","(7,8,9,22)",7swp,
WRAIR-2057,7n4i,C,"H,L",R,X,2.28,612,237,"(3,13,14,15,23)","(15,16,17)",7n4i,
WRAIR-2125,7n4l,A,"H,L",R,X,3.6,344,593,"(12,13,16,17,18,19,20)","(8,13,16,18,19)",7n4l,
WRAIR-2173,7n4j,A,"H,L",R,X,2.21,637,310,"(11,12,17,18,19,20)","(11,12,18,19,20,21,22)",7n4j,
X01,7x7t,G,"C,D",R,E,3.48,585,326,"(4,5,7,8,9,22)","(4,5,6)",7x7t;7x7u;7x7v,
X10,7x7t,G,"H,L",R,E,3.48,535,610,"(2,10,11,12,22)","(2,3,11,12,15,17,19,20)",7x7t;7x7u;7x7v,
X17,7x7t,G,"A,B",R,E,3.48,747,222,"(3,9,14,23)","(9,14,23)",7x7t;7x7u;7x7v,
XG005,7v26,A,"H,L",S,E,3.85,499,327,"(2,10,11,12,22)","(10,11,21,22)",7v26,
XG014,7v2a,A,"E,D",S,E,3.4,682,178,"(1,2,4,10,11,12)","(10,11,21)",7v2a,
XGv051,7wtf,B,"H,L",S,E,3,678,221,"(7,12,13,16,18,19,20,21,22)","(13,16,19)",7wtf;7wtg,Omicron BA.3
XGv264,7wth,E,"H,L",R,E,4.3,524,309,"(2,10,11,12)","(10,11,21,22)",7wth;7wti,Omicron BA.3
XGv265,7wed,E,"H,L",R,E,3.5,550,208,"(9,13,16,18,19,20)","(16,17,18,19)",7wed;7we8;7wee,
XGv282,7we7,E,"J,M",R,E,3.8,522,199,"(2,10,11,12,14,18,19)","(10,20,21)",7we7,
XGv286,7wtj,E,"H,L",R,E,4.2,394,218,"(10,11,21)","(21,22)",7wtj;7wtk,
XGv289,7we9,A,"H,J",S,E,3.6,363,219,"(10,20,21)","(10,20,21,22)",7we9;7wef,
XGv347,7wea,A,"H,L",S,E,3.3,539,218,"(12,15,16,17,18,19)","(16,17,18)",7wea;7web;7wec;7wed,
ZCB11,7xh8,A,"B,C",R,E,2.99,656,157,"(9,13,16,18,19,20)","(16,18,19)",7xh8,Omicron
Zhou-47D1,7mf1,A,"H,L",R,X,2.09,675,33,"(2,3,11,12,15,17,19,20)",-17,7mf1,
ZWC6,7wwm,A,"H,L",S,E,2.8,502,256,"(2,4,10,11,21)","(10,21,22)",7wwm,
ZWD12,7wwl,C,"H,L",S,E,3,283,419,"(2,4,10,11)","(10,11,21,22)",7wwl,
S304-O1,7tn0,I,"H,G",R,X,2.85,522,440,"(4,5,6,23)","(5,6,8,9)",7tn0,Omicron B.1.1.529
S309-D1,7sob,A,"I,G",S,E,2.4,64,0,-2,"(1,2)",7sob,Delta&Kappa B.1.617
S309-O1,7tly,I,"A,B",R,E,3,596,174,"(1,2,3,10,22)","(2,10)",7tly;7tlz;7tm0;7tn0;7xck;7yad;,Omicron B.1.1.529
S309-O2,7x1m,M,"A,B",S,E,2.74,621,154,"(1,2,3,10,22)","(2,10)",7x1m,Omicron BA.1
S309-O3,7yqx,A,"I,G",S,E,3.72,642,153,"(1,2,3)","(2,10)",7yqx;7yqy;7yqz;7yr0,Omicron BA.2.75